[
  { "model": "store.artist", "pk": 2, "fields": { "name": "Noundou Steve" } },
  { "model": "store.artist", "pk": 3, "fields": { "name": "Noundou patrick" } },
  {
    "model": "store.artist",
    "pk": 4,
    "fields": { "name": "Jeff Beck The Kinks Chris Andrews" }
  },
  { "model": "store.artist", "pk": 5, "fields": { "name": "Chris Andrews" } },
  {
    "model": "store.artist",
    "pk": 6,
    "fields": { "name": "The Easybeats Lulu" }
  },
  { "model": "store.artist", "pk": 7, "fields": { "name": "Them" } },
  { "model": "store.artist", "pk": 8, "fields": { "name": "Van Morrison" } },
  { "model": "store.artist", "pk": 9, "fields": { "name": "The McCoys" } },
  { "model": "store.artist", "pk": 10, "fields": { "name": "The Hollies" } },
  { "model": "store.artist", "pk": 11, "fields": { "name": "The Tremeloes" } },
  { "model": "store.artist", "pk": 12, "fields": { "name": "Aaron Neville" } },
  {
    "model": "store.artist",
    "pk": 13,
    "fields": { "name": "John Fred and His Playboy Band" }
  },
  {
    "model": "store.artist",
    "pk": 14,
    "fields": { "name": "Francoise Hardy" }
  },
  { "model": "store.artist", "pk": 15, "fields": { "name": "Lulu" } },
  { "model": "store.artist", "pk": 16, "fields": { "name": "Donovan" } },
  { "model": "store.artist", "pk": 17, "fields": { "name": "The Bystanders" } },
  { "model": "store.artist", "pk": 18, "fields": { "name": "The Supremes" } },
  {
    "model": "store.artist",
    "pk": 19,
    "fields": { "name": "The Rolling Stones" }
  },
  {
    "model": "store.contact",
    "pk": 1,
    "fields": { "email": "noundou@gmail.com", "name": "Caroline" }
  },
  {
    "model": "store.contact",
    "pk": 2,
    "fields": { "email": "lola@gmailc.om", "name": "lola" }
  },
  {
    "model": "store.contact",
    "pk": 3,
    "fields": { "email": "leslie@gmail.com", "name": "Clodine" }
  },
  {
    "model": "store.contact",
    "pk": 4,
    "fields": {
      "email": "jonathanjeanvoine@gmail.com",
      "name": "Jonathan Jeanvoine"
    }
  },
  {
    "model": "store.contact",
    "pk": 5,
    "fields": { "email": "lol@g", "name": "Lola" }
  },
  {
    "model": "store.contact",
    "pk": 6,
    "fields": { "email": "chou@chou.com", "name": "Sia" }
  },
  {
    "model": "store.contact",
    "pk": 7,
    "fields": { "email": "tatie@gmail.com", "name": "tatiana" }
  },
  {
    "model": "store.contact",
    "pk": 9,
    "fields": { "email": "patrick@you.com", "name": "Jhonny" }
  },
  {
    "model": "store.album",
    "pk": 34,
    "fields": {
      "reference": 1,
      "create_at": "2017-08-09T16:10:46.977Z",
      "available": true,
      "title": "All Day and All of the Night",
      "picture": "http://www.soundstation.dk/images/products/large/17/132117-a.jpg",
      "artists": [3]
    }
  },
  {
    "model": "store.album",
    "pk": 35,
    "fields": {
      "reference": 2,
      "create_at": "2017-08-09T16:10:46.986Z",
      "available": false,
      "title": "Hi Ho Silver Lining",
      "picture": "http://www.somanyrecordssolittletime.com/wp-content/uploads/jeff-beck-hi-ho-ps.jpg",
      "artists": [4]
    }
  },
  {
    "model": "store.album",
    "pk": 36,
    "fields": {
      "reference": 3,
      "create_at": "2017-08-09T16:10:46.991Z",
      "available": false,
      "title": "Yesterday Man",
      "picture": "https://ring.cdandlp.com/eddys/photo_grande/115195447.jpg",
      "artists": [5]
    }
  },
  {
    "model": "store.album",
    "pk": 37,
    "fields": {
      "reference": 4,
      "create_at": "2017-08-09T16:10:46.995Z",
      "available": true,
      "title": "Friday On My Mind",
      "picture": "https://images.recordsale.de/600/600/cdpix/e/easy_beats._the_easybeats-friday_on_my_mind.jpg",
      "artists": [6]
    }
  },
  {
    "model": "store.album",
    "pk": 38,
    "fields": {
      "reference": 5,
      "create_at": "2017-08-09T16:10:47.001Z",
      "available": false,
      "title": "Here Comes the Night",
      "picture": "https://img.cdandlp.com/2014/10/imgL/117188316.jpg",
      "artists": [8, 7]
    }
  },
  {
    "model": "store.album",
    "pk": 39,
    "fields": {
      "reference": 6,
      "create_at": "2017-08-09T16:10:47.007Z",
      "available": true,
      "title": "Hang On Sloopy",
      "picture": "https://www.recordsbymail.com/uploads/2-25-16-3/741587.jpg",
      "artists": [9]
    }
  },
  {
    "model": "store.album",
    "pk": 40,
    "fields": {
      "reference": 7,
      "create_at": "2017-08-09T16:10:47.012Z",
      "available": false,
      "title": "I'm Alive",
      "picture": "https://img.cdandlp.com/2017/02/imgL/118583436.jpg",
      "artists": [10]
    }
  },
  {
    "model": "store.album",
    "pk": 41,
    "fields": {
      "reference": 8,
      "create_at": "2017-08-09T16:10:47.017Z",
      "available": true,
      "title": "Silence Is Golden",
      "picture": "https://www.recordsbymail.com/uploads/4-6-15-1/727153.jpg",
      "artists": [11]
    }
  },
  {
    "model": "store.album",
    "pk": 42,
    "fields": {
      "reference": 9,
      "create_at": "2017-08-09T16:10:47.021Z",
      "available": true,
      "title": "Tell It Like It Is",
      "picture": "https://images.recordsale.de/600/600/cdpix/a/aaron_neville-tell_it_like_it_is(1).jpg",
      "artists": [12]
    }
  },
  {
    "model": "store.album",
    "pk": 43,
    "fields": {
      "reference": 10,
      "create_at": "2017-08-09T16:10:47.026Z",
      "available": true,
      "title": "Judy In Disguise (With Glasses)",
      "picture": "https://images.recordsale.de/600/600/cdpix/j/johnfredhisplayboyband-judyindisguise(withglasses).jpg",
      "artists": [13]
    }
  },
  {
    "model": "store.album",
    "pk": 44,
    "fields": {
      "reference": 11,
      "create_at": "2017-08-09T16:10:47.030Z",
      "available": false,
      "title": "All Over The World",
      "picture": "https://img.cdandlp.com/2017/03/imgL/118664562.jpg",
      "artists": [14]
    }
  },
  {
    "model": "store.album",
    "pk": 45,
    "fields": {
      "reference": 12,
      "create_at": "2017-08-09T16:10:47.035Z",
      "available": false,
      "title": "To Sir, With Love",
      "picture": "https://img.cdandlp.com/2016/11/imgL/118373380.jpg",
      "artists": [15]
    }
  },
  {
    "model": "store.album",
    "pk": 46,
    "fields": {
      "reference": 13,
      "create_at": "2017-08-09T16:10:47.040Z",
      "available": false,
      "title": "Sunshine Superman",
      "picture": "http://2.bp.blogspot.com/-f3YXAB4CIkU/Tpk8_Cl0l8I/AAAAAAAAAOU/dRcKP7Tv5rQ/s400/donovansunshinesuperman.jpg",
      "artists": [16]
    }
  },
  {
    "model": "store.album",
    "pk": 47,
    "fields": {
      "reference": 14,
      "create_at": "2017-08-09T16:10:47.045Z",
      "available": true,
      "title": "98.6",
      "picture": "http://images.45cat.com/the-bystanders-986-pye-2.jpg",
      "artists": [17]
    }
  },
  {
    "model": "store.album",
    "pk": 48,
    "fields": {
      "reference": 15,
      "create_at": "2017-08-09T16:10:47.049Z",
      "available": false,
      "title": "The Happening",
      "picture": "http://2.bp.blogspot.com/-ebBCW6bBL2k/UBLN1zSB6hI/AAAAAAAAAHg/7BZotayUC-c/s1600/The+Happening+..jpg",
      "artists": [18]
    }
  },
  {
    "model": "store.album",
    "pk": 49,
    "fields": {
      "reference": 16,
      "create_at": "2017-08-09T16:10:47.054Z",
      "available": false,
      "title": "Jumpin' Jack Flash",
      "picture": "https://1.bp.blogspot.com/-L1xW7Iwfp3s/WJZo4V6J2lI/AAAAAAAAZ2w/AwEEsZ90vVoHoSNoDu-PYkvFgM1kp5FdgCPcB/s1600/the_rolling_stones-jumpin_jack_flash_s.jpg",
      "artists": [19]
    }
  },
  {
    "model": "store.booking",
    "pk": 5,
    "fields": {
      "create_at": "2017-08-11T16:03:00.384Z",
      "contacted": false,
      "album": 36,
      "contact": 3
    }
  },
  {
    "model": "store.booking",
    "pk": 6,
    "fields": {
      "create_at": "2017-08-11T16:42:33.585Z",
      "contacted": false,
      "album": 46,
      "contact": 4
    }
  },
  {
    "model": "store.booking",
    "pk": 9,
    "fields": {
      "create_at": "2017-08-11T18:01:06.434Z",
      "contacted": false,
      "album": 38,
      "contact": 6
    }
  },
  {
    "model": "store.booking",
    "pk": 11,
    "fields": {
      "create_at": "2017-08-12T19:45:23.128Z",
      "contacted": false,
      "album": 44,
      "contact": 9
    }
  }
]
